"","member_casual","number_of_rides","average_duration","median_duration"
"1","casual",1921888,19.9352376611885,11.9043416659037
"2","member",3499201,12.0814230750686,8.71330000162125
